year,discipline,discipline_full,disc_code,prop_unmatched,prop_backup,competitiveness,prop_matched_discipline_elective,prop_matched_program_elective,prop_ranked_discipline_elective,prop_ranked_program_elective,mean_electives_within_discipline,mean_electives_outside_discipline,discipline_vs_other_electives,mean_other_disciplines,prop_matched_3_discipline_elective
2019,ANPATH,Anatomical Pathology,Anat Path,0,0.9444444444444444,0.43902439024390244,0.9473684210526315,0.42105263157894735,0.930635838150289,0.3179190751445087,2.9,7.8999999999999995,0.3670886075949367,5.9,0.5789473684210527
2019,ANESTH,Anesthesiology,Anesth,0.09933774834437085,0.8543046357615894,1.3727272727272728,0.9818181818181818,0.6909090909090909,0.9883570504527813,0.37904269081500647,4.2,6.1,0.6885245901639345,4.8,0.7727272727272727
2019,CARD-SURG,Cardiac Surgery,Cardiac Surg,0.16666666666666666,0.5833333333333334,1.0909090909090908,1,0.9090909090909091,0.9841269841269841,0.5873015873015873,5.1,4.5,1.1333333333333333,4.1,0.9090909090909091
2019,DERM,Dermatology,Derm,0.08771929824561403,0.9298245614035088,1.9655172413793103,0.9655172413793104,0.7241379310344828,0.9836956521739131,0.5815217391304348,4,6.7,0.5970149253731343,5.3,0.6551724137931034
2019,DIAG-RADIOLOGY,Diagnostic Radiology,Rads,0.039473684210526314,0.8289473684210527,0.9382716049382716,0.9583333333333334,0.6944444444444444,0.9800362976406534,0.3811252268602541,3.7999999999999994,7.5,0.5066666666666666,5.9,0.7361111111111112
2019,EMERG-MED,Emergency Medicine,Emerg,0.08333333333333333,0.975,1.7142857142857142,0.9857142857142858,0.8142857142857143,0.9818780889621087,0.5420098846787479,4.7,6.4,0.734375,4.8,0.8857142857142857
2019,FAM MED,Family Medicine,Family,0.03134479271991911,0.32659251769464104,0.712536023054755,0.7583056478405316,0.462624584717608,0.8174353464814673,0.30343028163609853,2.7,7.1,0.3802816901408451,5.5,0.3754152823920266
2019,GEN-PATH,General Pathology,Gen Path,0,1,0.5,0.5,0.5,0.7567567567567568,0.2972972972972973,2,6.5,0.3076923076923077,3.5,0
2019,GEN-SURG,General Surgery,Gen Surg,0.043010752688172046,0.6344086021505376,1.1772151898734178,0.9493670886075949,0.7468354430379747,0.9300411522633745,0.3662551440329218,4.7,6.3,0.746031746031746,5,0.6962025316455697
2019,HEMPATH,Hematological Pathology,Heme Path,NaN,NaN,0,1,0,1,0.3333333333333333,1,6,0.16666666666666666,2,0
2019,INTERNAL MEDICINE,Internal Medicine,Internal,0.0391304347826087,0.6652173913043479,1.0021786492374727,0.7723214285714286,0.4419642857142857,0.8167192429022082,0.2782334384858044,3,6.8,0.4411764705882353,5.7,0.38839285714285715
2019,MED-GENETICS,Medical Genetics & Genomics,Med Gen,0,0.875,1,1,0.75,1,0.5,3.4,3.3,1.0303030303030303,2.5,0.625
2019,MED-MICRO,Medical Microbiology,Microbio,0,1,0.16666666666666666,1,1,0.6363636363636364,0.2727272727272727,2,8,0.25,4,0
2019,NEUROL,Neurology,Neuro,0.07272727272727272,0.8,1.1224489795918366,0.9555555555555556,0.8222222222222222,0.9817351598173516,0.4041095890410959,4.3,4.8,0.8958333333333334,3.6,0.7777777777777778
2019,NEUROL-PED,Neurology - Pediatric,Peds Neuro,0,1,0.7777777777777778,0.6666666666666666,0.5,0.7846153846153846,0.2923076923076923,3,8.7,0.3448275862068966,5.2,0.3333333333333333
2019,NEUROPATH,Neuropathology,Neuro Path,NaN,NaN,0,1,1,0.9,0.5,2,3,0.6666666666666666,3,0
2019,NEUROSURG,Neurosurgery,Neuro Surg,0.2,0.52,1.4705882352941178,1,1,1,0.46938775510204084,5.3,6.6,0.8030303030303031,4.8,0.9411764705882353
2019,NUC-MED,Nuclear Medicine,Nuclear,0,1,0.625,0.8333333333333334,0.5,0.6341463414634146,0.21951219512195122,1.2,6.3,0.19047619047619047,4.7,0
2019,OBS/GYNE,Obstetrics & Gynecology,OBGYN,0.059322033898305086,0.9067796610169492,1.475,0.9493670886075949,0.5949367088607594,0.9574132492113565,0.34069400630914826,4,6.9,0.5797101449275363,5.1,0.7088607594936709
2019,OPHTHAL,Ophthalmology,Ophthal,0.2413793103448276,0.6551724137931034,1.5263157894736843,1,0.7894736842105263,1,0.5685483870967742,4.8,4.5,1.0666666666666667,4,0.868421052631579
2019,ORTHOPEDICS,Orthopedic Surgery,Ortho,0.05084745762711865,0.6101694915254238,1.2553191489361701,1,0.8043478260869565,1,0.4976958525345622,5.7,4.1,1.3902439024390245,3.1,0.9565217391304348
2019,OTOLARYN,Otolaryngology,ENT,0.05,0.875,1.4285714285714286,1,1,1,0.6923076923076923,6.1,4.2,1.4523809523809523,3.5,0.8928571428571429
2019,PEDS,Pediatrics,Peds,0.06349206349206349,0.8677248677248677,1.4538461538461538,0.952755905511811,0.5511811023622047,0.9516949152542373,0.35,3.7,6.4,0.578125,4.9,0.7322834645669292
2019,PM&R,Physical Medicine & Rehabilitation,Physiatry,0.029411764705882353,0.9117647058823529,1.2142857142857142,0.9642857142857143,0.6785714285714286,0.9802371541501976,0.4505928853754941,4.6,4.8,0.9583333333333333,3.8,0.8571428571428571
2019,PLASTIC-SURG,Plastic Surgery,Plastics,0.3076923076923077,0.7115384615384616,2.08,1,0.96,1,0.8324607329842932,6.4,5.2,1.2307692307692308,4,0.88
2019,PSYCH,Psychiatry,Psych,0.06796116504854369,0.7427184466019418,1.1256830601092895,0.9137931034482759,0.6379310344827587,0.9284565916398714,0.40514469453376206,3.2,6.4,0.5,4.8,0.5172413793103449
2019,PHPM,Public Health & Preventive Medicine,Pub Health,0,1,0.9545454545454546,0.8888888888888888,0.2777777777777778,0.8888888888888888,0.31746031746031744,2.4000000000000004,5.9,0.4067796610169492,3.7999999999999994,0.4444444444444444
2019,RAD-ONC,Radiation Oncology,Rad Onc,0.04,0.88,1.1904761904761905,1,0.6190476190476191,1,0.37185929648241206,4.1,6.1,0.6721311475409836,4.9,0.7619047619047619
2019,UROLOGY,Urology,Urology,0.15217391304347827,0.7608695652173914,1.393939393939394,1,0.9696969696969697,1,0.7857142857142857,5.8,3.6,1.611111111111111,3.1,0.9090909090909091
2019,VASCSURG,Vascular Surgery,Vasc Surg,0,0.8333333333333334,0.6666666666666666,1,0.7142857142857143,0.9090909090909091,0.42424242424242425,3.6,5.7,0.631578947368421,3.8,0.42857142857142855
2018,ANPATH,Anatomical Pathology,Anat Path,0.07894736842105263,0.868421052631579,0.926829268292683,0.9696969696969697,0.7272727272727273,0.3776119402985075,0.1208955223880597,2.9,7.9,0.36708860759493667,6.2,0.48484848484848486
2018,ANESTH,Anesthesiology,Anesth,0.10273972602739725,0.7945205479452054,1.3904761904761904,0.9615384615384616,0.7211538461538461,0.9474375821287779,0.3797634691195795,4.5,7.5,0.6,5.1,0.7692307692307693
2018,CARD-SURG,Cardiac Surgery,Cardiac Surg,0.1,0.8,1.25,1,0.5,0.9824561403508771,0.3684210526315789,5.5,6.6,0.8333333333333334,4,0.875
2018,DERM,Dermatology,Derm,0.08333333333333333,0.9833333333333333,2.2222222222222223,1,0.8076923076923077,1,0.5796178343949044,4.5,6.8,0.6617647058823529,4.3,0.7307692307692307
2018,DIAG-RADIOLOGY,Diagnostic Radiology,Rads,0.04938271604938271,0.7037037037037037,0.9759036144578314,0.9736842105263158,0.6842105263157895,0.98046875,0.37890625,4.4,7,0.6285714285714287,4.8,0.6842105263157895
2018,EMERG-MED,Emergency Medicine,Emerg,0.12195121951219512,0.9349593495934959,1.8636363636363635,1,0.9076923076923077,0.9294478527607362,0.5383435582822086,4.9,7.2,0.6805555555555556,4.6,0.8923076923076924
2018,FAM MED,Family Medicine,Family,0.025510204081632654,0.34183673469387754,0.725925925925926,0.7609630266552021,0.46345657781599314,0.8359633658683407,0.3157328976222213,3,8.5,0.35294117647058826,5.8,0.4075666380051591
2018,GEN-PATH,General Pathology,Gen Path,NaN,NaN,0,0.6666666666666666,0.3333333333333333,0.6666666666666666,0.14285714285714285,1,19,0.05263157894736842,9,0
2018,GEN-SURG,General Surgery,Gen Surg,0.256198347107438,0.45454545454545453,1.475609756097561,0.9878048780487805,0.7073170731707317,0.9584450402144772,0.34718498659517427,4.6,7.6,0.6052631578947368,5.3,0.6463414634146342
2018,HEMPATH,Hematological Pathology,Heme Path,0,1,1,1,0.6666666666666666,1,0.5714285714285714,2.3,8.3,0.2771084337349397,6,0.3333333333333333
2018,INTERNAL MEDICINE,Internal Medicine,Internal,0.019230769230769232,0.6682692307692307,0.9183222958057395,0.7569444444444444,0.4652777777777778,0.8012068387529333,0.2581293999329534,3.2,8.2,0.39024390243902446,5.8,0.37037037037037035
2018,MED-GENETICS,Medical Genetics & Genomics,Med Gen,0,0.6666666666666666,1,1,0.8333333333333334,0.975,0.35,3.2,7.8,0.4102564102564103,4.7,0.3333333333333333
2018,MED-MICRO,Medical Microbiology,Microbio,0,1,0.6,1,0,0.8666666666666667,0.26666666666666666,1.5,16,0.09375,11.5,0
2018,NEUROL,Neurology,Neuro,0.07272727272727272,0.7818181818181819,1.25,0.9767441860465116,0.627906976744186,0.9787234042553191,0.3829787234042553,5.3,6.6,0.8030303030303031,4.3,0.813953488372093
2018,NEUROL-PED,Neurology - Pediatric,Peds Neuro,0.125,1,0.8888888888888888,0.75,0.375,0.691358024691358,0.25925925925925924,3.8,8.3,0.45783132530120474,5.8,0.5
2018,NEUROPATH,Neuropathology,Neuro Path,0,1,0.5,1,1,0.9230769230769231,0.6153846153846154,2.5,10.5,0.23809523809523808,4.5,0.5
2018,NEUROSURG,Neurosurgery,Neuro Surg,0.19230769230769232,0.6538461538461539,1.368421052631579,1,0.7894736842105263,0.988950276243094,0.48066298342541436,5.5,4.5,1.2222222222222223,3.6,0.8421052631578947
2018,NUC-MED,Nuclear Medicine,Nuclear,0,1,0.375,1,0.6666666666666666,0.16847826086956522,0.06521739130434782,1.5,6.8,0.22058823529411764,4.8,0.16666666666666666
2018,OBS/GYNE,Obstetrics & Gynecology,OBGYN,0.08035714285714286,0.8482142857142857,1.435897435897436,1,0.6493506493506493,0.9627831715210357,0.33818770226537215,4,7.6,0.5263157894736842,5,0.7142857142857143
2018,OPHTHAL,Ophthalmology,Ophthal,0.18309859154929578,0.6619718309859155,1.9189189189189189,1,0.8648648648648649,0.9267399267399268,0.5531135531135531,6.2,6.1,1.0163934426229508,4.2,0.8648648648648649
2018,ORTHOPEDICS,Orthopedic Surgery,Ortho,0.16071428571428573,0.5357142857142857,1.1428571428571428,1,0.7872340425531915,1,0.47030878859857483,6,5.7,1.0526315789473684,3.6,0.851063829787234
2018,OTOLARYN,Otolaryngology,ENT,0.32727272727272727,0.9272727272727272,1.896551724137931,0.9642857142857143,0.9285714285714286,0.75,0.5558823529411765,6.7,4.7,1.425531914893617,3.2,0.8571428571428571
2018,PEDS,Pediatrics,Peds,0.02531645569620253,0.810126582278481,1.1879699248120301,0.9312977099236641,0.4961832061068702,0.825889477668433,0.25359576078728235,4.4,7.9,0.5569620253164557,5.7,0.6946564885496184
2018,PM&R,Physical Medicine & Rehabilitation,Physiatry,0.03225806451612903,0.9354838709677419,1.0333333333333334,1,0.8571428571428571,1,0.4311111111111111,4.6,6,0.7666666666666666,4.6,0.75
2018,PLASTIC-SURG,Plastic Surgery,Plastics,0.4482758620689655,0.9827586206896551,2.761904761904762,1,1,1,0.8465608465608465,8.7,7.3,1.191780821917808,5.3,0.9473684210526315
2018,PSYCH,Psychiatry,Psych,0.05263157894736842,0.7421052631578947,1.0326086956521738,0.9137931034482759,0.603448275862069,0.8918482647296206,0.34786117836965297,3.3,7.5,0.44,5,0.5057471264367817
2018,PHPM,Public Health & Preventive Medicine,Pub Health,0.05,0.95,0.9090909090909091,0.8,0.4666666666666667,0.925531914893617,0.3829787234042553,2.44,5.953333333,0.40985442331522143,4.166666667,0.3333333333333333
2018,RAD-ONC,Radiation Oncology,Rad Onc,0.07407407407407407,0.8148148148148148,1.173913043478261,1,0.6818181818181818,0.9803921568627451,0.3480392156862745,3.6,6.9,0.5217391304347826,4.6,0.7272727272727273
2018,UROLOGY,Urology,Urology,0.16666666666666666,0.7291666666666666,1.6551724137931034,1,1,1,0.7709251101321586,6.7,5.1,1.3137254901960786,3.9,0.9285714285714286
2018,VASCSURG,Vascular Surgery,Vasc Surg,0.21428571428571427,0.8571428571428571,1.5555555555555556,1,0.875,0.9761904761904762,0.5952380952380952,5.3,10.9,0.4862385321100917,5.9,0.875
2017,ANPATH,Anatomical Pathology,Anat Path,0.06060606060606061,0.6060606060606061,0.8048780487804879,1,0.5277777777777778,0.37791601866251945,0.12752721617418353,2.8,7.6,0.3684210526315789,5,0.3333333333333333
2017,ANESTH,Anesthesiology,Anesth,0.09420289855072464,0.7318840579710145,1.38,0.9693877551020408,0.6122448979591837,0.9476661951909476,0.3507779349363508,4.2,6.5,0.6461538461538462,4.6,0.7653061224489796
2017,CARD-SURG,Cardiac Surgery,Cardiac Surg,0.2,0.6,1.25,1,0.75,0.9824561403508771,0.543859649122807,6.3,4.1,1.5365853658536586,2.6,0.875
2017,DERM,Dermatology,Derm,0.06557377049180328,0.9344262295081968,1.967741935483871,0.967741935483871,0.8064516129032258,0.9940476190476191,0.5892857142857143,4.9,9.1,0.5384615384615385,5.5,0.6451612903225806
2017,DIAG-RADIOLOGY,Diagnostic Radiology,Rads,0.10112359550561797,0.7303370786516854,1.141025641025641,1,0.821917808219178,0.9887218045112782,0.44548872180451127,4.6,5.8,0.793103448275862,4.1,0.7397260273972602
2017,EMERG-MED,Emergency Medicine,Emerg,0.059322033898305086,0.9491525423728814,1.7878787878787878,1,0.8153846153846154,0.9027777777777778,0.470679012345679,4.4,6.5,0.676923076923077,4.5,0.8461538461538461
2017,FAM MED,Family Medicine,Family,0.024415055951169887,0.32655137334689727,0.7233259749816041,0.7634961439588689,0.4704370179948586,0.8451261008807046,0.31975580464371495,2.7,7.6,0.3552631578947369,5.6,0.363324764353042
2017,GEN-PATH,General Pathology,Gen Path,0,1,0.375,1,0.25,0.72,0.2,1.5,7.5,0.2,6.5,0.25
2017,GEN-SURG,General Surgery,Gen Surg,0.12037037037037036,0.5277777777777778,1.2857142857142858,0.963855421686747,0.5783132530120482,0.9710564399421129,0.3342981186685962,4,7.7,0.5194805194805194,5.2,0.6024096385542169
2017,HEMPATH,Hematological Pathology,Heme Path,0,1,0.3333333333333333,1,1,1,0.75,2,8,0.25,8,0
2017,INTERNAL MEDICINE,Internal Medicine,Internal,0.05387931034482758,0.5754310344827587,1.0288248337028825,0.7291196388261851,0.48306997742663654,0.7514638906961614,0.22999349381912818,2.8,7.7,0.3636363636363636,5.6,0.33860045146726864
2017,MED-GENETICS,Medical Genetics & Genomics,Med Gen,0,1,0.5,1,1,1,0.3333333333333333,2.5,9.8,0.25510204081632654,6.5,0.25
2017,MED-MICRO,Medical Microbiology,Microbio,0,0.5,0.4,1,1,0.9090909090909091,0.36363636363636365,2,10,0.2,5.5,0.5
2017,NEUROL,Neurology,Neuro,0.11475409836065574,0.7049180327868853,1.3863636363636365,1,0.7674418604651163,0.9884526558891455,0.3810623556581986,4.2,5.9,0.711864406779661,4.2,0.7674418604651163
2017,NEUROL-PED,Neurology - Pediatric,Peds Neuro,0.1111111111111111,1,1,0.75,0.125,0.6714285714285714,0.17142857142857143,1.7,8.9,0.19101123595505617,5.6,0.125
2017,NEUROPATH,Neuropathology,Neuro Path,0,1,0.4,0.6666666666666666,0,0.9166666666666666,0.25,1,8,0.125,5.3,0
2017,NEUROSURG,Neurosurgery,Neuro Surg,0.3076923076923077,0.46153846153846156,1.7333333333333334,1,0.7333333333333333,0.9746835443037974,0.47468354430379744,6,4,1.5,3.3,1
2017,NUC-MED,Nuclear Medicine,Nuclear,0,1,0.5,1,0.5714285714285714,0.15315315315315314,0.06306306306306306,2.3,8.9,0.2584269662921348,6.1,0.2857142857142857
2017,OBS/GYNE,Obstetrics & Gynecology,OBGYN,0.11504424778761062,0.6991150442477876,1.4675324675324675,0.948051948051948,0.5064935064935064,0.9543307086614173,0.29133858267716534,3.9,7.1,0.5492957746478874,4.6,0.6753246753246753
2017,OPHTHAL,Ophthalmology,Ophthal,0.12244897959183673,0.6938775510204082,1.4,1,0.8529411764705882,0.896551724137931,0.4942528735632184,5.2,5.2,1,3.7,0.8529411764705882
2017,ORTHOPEDICS,Orthopedic Surgery,Ortho,0.08771929824561403,0.40350877192982454,1.1176470588235294,0.9791666666666666,0.8541666666666666,0.9905437352245863,0.4491725768321513,6.1,5.7,1.0701754385964912,3.7,0.875
2017,OTOLARYN,Otolaryngology,ENT,0.1794871794871795,0.8205128205128205,1.3928571428571428,1,0.8928571428571429,0.7451612903225806,0.4161290322580645,6.6,5.1,1.2941176470588236,3.3,0.7857142857142857
2017,PEDS,Pediatrics,Peds,0.04093567251461988,0.7894736842105263,1.2954545454545454,0.9147286821705426,0.5503875968992248,0.7779444861215303,0.25431357839459867,3.6,7.2,0.5,5.1,0.6046511627906976
2017,PM&R,Physical Medicine & Rehabilitation,Physiatry,0.03225806451612903,0.9032258064516129,1.1071428571428572,0.9629629629629629,0.8148148148148148,0.9787234042553191,0.42127659574468085,4.2,6.4,0.65625,5,0.7037037037037037
2017,PLASTIC-SURG,Plastic Surgery,Plastics,0.32653061224489793,0.6326530612244898,1.8846153846153846,1,0.96,0.9723756906077348,0.7513812154696132,7.8,6.3,1.2380952380952381,4,0.96
2017,PSYCH,Psychiatry,Psych,0.03333333333333333,0.6277777777777778,0.994475138121547,0.893491124260355,0.621301775147929,0.8768430182133564,0.3538594969644406,3,7.1,0.4225352112676057,5.1,0.44970414201183434
2017,PHPM,Public Health & Preventive Medicine,Pub Health,0,0.8947368421052632,0.7916666666666666,0.6666666666666666,0.4444444444444444,0.8157894736842105,0.2982456140350877,1.672222222,6.977777778,0.23964968148918314,5.183333333,0.2222222222222222
2017,RAD-ONC,Radiation Oncology,Rad Onc,0,0.3333333333333333,0.45,1,0.6923076923076923,0.9915254237288136,0.3135593220338983,3.3,7.3,0.4520547945205479,5.5,0.6923076923076923
2017,UROLOGY,Urology,Urology,0.25,0.6346153846153846,1.5757575757575757,0.9696969696969697,0.8181818181818182,0.9885057471264368,0.7049808429118773,5.4,5,1.08,3.9,0.7878787878787878
2017,VASCSURG,Vascular Surgery,Vasc Surg,0,0.5,1,0.875,0.75,0.9361702127659575,0.574468085106383,5.7,4.1,1.3902439024390245,3.6,0.75
2016,ANPATH,Anatomical Pathology,Anat Path,0,0.8421052631578947,0.5135135135135135,0.9565217391304348,0.782608695652174,0.8682926829268293,0.2731707317073171,2.5,7.3,0.3424657534246575,5.8,0.34782608695652173
2016,ANESTH,Anesthesiology,Anesth,0.09352517985611511,0.7697841726618705,1.3113207547169812,1,0.7264150943396226,0.9717741935483871,0.35080645161290325,4.1,6.9,0.5942028985507245,4.7,0.7547169811320755
2016,CARD-SURG,Cardiac Surgery,Cardiac Surg,0.16666666666666666,0.5,1.2,1,0.7777777777777778,1,0.44,5.6,5.1,1.0980392156862746,3.7,0.8888888888888888
2016,DERM,Dermatology,Derm,0.125,0.96875,2.2857142857142856,0.9642857142857143,0.75,0.9491525423728814,0.559322033898305,4.3,7.3,0.589041095890411,4.8,0.6071428571428571
2016,DIAG-RADIOLOGY,Diagnostic Radiology,Rads,0.02631578947368421,0.8157894736842105,0.9156626506024096,0.9583333333333334,0.7222222222222222,0.9805068226120858,0.3742690058479532,3.8,6.7,0.5671641791044776,4.5,0.5833333333333334
2016,EMERG-MED,Emergency Medicine,Emerg,0.08527131782945736,0.9534883720930233,1.8970588235294117,0.9852941176470589,0.7058823529411765,0.9164179104477612,0.4582089552238806,4,6.3,0.6349206349206349,4.7,0.7647058823529411
2016,FAM MED,Family Medicine,Family,0.02095238095238095,0.2761904761904762,0.7859281437125748,0.7635303913405496,0.440466278101582,0.8726872955435191,0.3435941438301067,2.8,7.7,0.3636363636363636,5.6,0.37385512073272276
2016,GEN-PATH,General Pathology,Gen Path,0,1,0.5714285714285714,1,1,0.8125,0.25,2,7,0.2857142857142857,4.3,0
2016,GEN-SURG,General Surgery,Gen Surg,0.10204081632653061,0.5,1.1136363636363635,0.9294117647058824,0.6470588235294118,0.9433962264150944,0.3309143686502177,4,5.8,0.6896551724137931,4.5,0.5882352941176471
2016,HEMPATH,Hematological Pathology,Heme Path,0,1,0.2,1,1,1,0.7,1.5,7,0.21428571428571427,4.5,0
2016,INTERNAL MEDICINE,Internal Medicine,Internal,0.05,0.6068181818181818,0.962800875273523,0.678082191780822,0.4041095890410959,0.7262708851759687,0.21400639886242445,2.5,7.2,0.3472222222222222,5.4,0.24885844748858446
2016,LAB-MED,Laboratory Medicine,Lab Med,0,1,1,0,0,0,0,NA,8.8,NA,4.8,0
2016,MED-BIO,Medical Biochemistry,Med Biochem,NaN,NaN,0,NA,NA,NA,NA,NA,NA,NA,NA,NA
2016,MED-GENETICS,Medical Genetics & Genomics,Med Gen,0,1,0.42857142857142855,1,0.6666666666666666,1,0.4,2.3,7,0.32857142857142857,4.7,0.3333333333333333
2016,MED-MICRO,Medical Microbiology,Microbio,0.18181818181818182,1,1,0.5,0.125,0.6363636363636364,0.29545454545454547,1.5,8.3,0.18072289156626503,4.8,0
2016,NEUROL,Neurology,Neuro,0.023809523809523808,0.7857142857142857,1,1,0.725,0.9863760217983651,0.3215258855585831,3.7,6.7,0.5522388059701493,4.7,0.575
2016,NEUROL-PED,Neurology - Pediatric,Peds Neuro,0,1,1.1428571428571428,0.7142857142857143,0.42857142857142855,0.7868852459016393,0.2459016393442623,1.4,9.3,0.15053763440860213,6.1,0.14285714285714285
2016,NEUROPATH,Neuropathology,Neuro Path,NaN,NaN,0,NA,NA,NA,NA,NA,NA,NA,NA,NA
2016,NEUROSURG,Neurosurgery,Neuro Surg,0.20833333333333334,0.5,1.5,1,0.8125,0.9621212121212122,0.4090909090909091,5.7,5.7,1,4.1,1
2016,NUC-MED,Nuclear Medicine,Nuclear,0.16666666666666666,1,0.75,0.6,0.4,0.07777777777777778,0.03333333333333333,1.7,6.2,0.27419354838709675,4,0
2016,OBS/GYNE,Obstetrics & Gynecology,OBGYN,0.08256880733944955,0.7706422018348624,1.345679012345679,0.9875,0.5875,0.9441997063142438,0.2657856093979442,3.7,8.3,0.4457831325301205,5.3,0.6
2016,OPHTHAL,Ophthalmology,Ophthal,0.12727272727272726,0.6545454545454545,1.4102564102564104,0.9473684210526315,0.631578947368421,0.8762886597938144,0.47079037800687284,5.6,6.8,0.8235294117647058,4.6,0.8421052631578947
2016,ORTHOPEDICS,Orthopedic Surgery,Ortho,0.05454545454545454,0.4727272727272727,1.0377358490566038,1,0.8823529411764706,0.9976635514018691,0.42757009345794394,6.3,5.3,1.1886792452830188,3.4,0.8627450980392157
2016,OTOLARYN,Otolaryngology,ENT,0.09523809523809523,0.7857142857142857,1.4482758620689655,1,0.8620689655172413,0.7545454545454545,0.44242424242424244,6.2,5.9,1.0508474576271185,4.6,0.8275862068965517
2016,PEDS,Pediatrics,Peds,0.0718562874251497,0.7964071856287425,1.2279411764705883,0.8872180451127819,0.49624060150375937,0.7932359723289777,0.2590315142198309,3.8,6.8,0.5588235294117647,4.8,0.5488721804511278
2016,PM&R,Physical Medicine & Rehabilitation,Physiatry,0.2,0.9,1.6,1,0.88,1,0.397212543554007,4.1,7.6,0.5394736842105263,5,0.68
2016,PLASTIC-SURG,Plastic Surgery,Plastics,0.32,0.66,2.1739130434782608,1,0.9523809523809523,0.9680851063829787,0.75,7,4.5,1.5555555555555556,3.2,0.9523809523809523
2016,PSYCH,Psychiatry,Psych,0.028901734104046242,0.6878612716763006,0.9664804469273743,0.8650306748466258,0.588957055214724,0.8133773740710157,0.2981007431874484,2.9,7.2,0.40277777777777773,5.1,0.4294478527607362
2016,PHPM,Public Health & Preventive Medicine,Pub Health,0.05555555555555555,0.9444444444444444,0.8571428571428571,0.7333333333333333,0.3333333333333333,0.865979381443299,0.24742268041237114,1.946666667,8.986666667,0.2166172107115498,6.686666667,0.06666666666666667
2016,RAD-ONC,Radiation Oncology,Rad Onc,0,0.7333333333333333,0.75,0.9375,0.6875,0.9426229508196722,0.3770491803278688,3.5,7.6,0.46052631578947373,5.3,0.625
2016,UROLOGY,Urology,Urology,0.07142857142857142,0.7619047619047619,1.2727272727272727,0.9393939393939394,0.8787878787878788,0.9382239382239382,0.637065637065637,5.6,5.5,1.018181818181818,4.3,0.7272727272727273
2016,VASCSURG,Vascular Surgery,Vasc Surg,0,0.875,1,1,0.75,1,0.35555555555555557,3.5,12.4,0.282258064516129,5.4,0.5
2015,ANPATH,Anatomical Pathology,Anat Path,0.041666666666666664,0.75,0.6,0.8888888888888888,0.8148148148148148,0.75,0.2403846153846154,2.6,7.9,0.3291139240506329,5.8,0.2962962962962963
2015,ANESTH,Anesthesiology,Anesth,0.08695652173913043,0.7463768115942029,1.3269230769230769,0.9705882352941176,0.6470588235294118,0.9126691266912669,0.3038130381303813,3.9,6.7,0.582089552238806,5,0.696078431372549
2015,CARD-SURG,Cardiac Surgery,Cardiac Surg,0,0.5555555555555556,0.8181818181818182,0.9,0.4,0.9117647058823529,0.38235294117647056,3.4,5.6,0.6071428571428572,3.4,0.6
2015,DERM,Dermatology,Derm,0.0196078431372549,0.9607843137254902,1.8888888888888888,0.9615384615384616,0.7692307692307693,0.9177215189873418,0.4240506329113924,3.4,5.8,0.5862068965517241,4.6,0.6153846153846154
2015,DIAG-RADIOLOGY,Diagnostic Radiology,Rads,0.11458333333333333,0.7083333333333334,1.1851851851851851,0.9733333333333334,0.7066666666666667,0.8969804618117229,0.40319715808170514,4.2,6.3,0.6666666666666667,4.8,0.72
2015,EMERG-MED,Emergency Medicine,Emerg,0.058333333333333334,0.9333333333333333,1.7142857142857142,0.9855072463768116,0.6956521739130435,0.929042904290429,0.4438943894389439,4.1,5.8,0.7068965517241379,4.5,0.7681159420289855
2015,FAM MED,Family Medicine,Family,0.02452316076294278,0.2742960944595822,0.8278195488721805,0.7326732673267327,0.4075907590759076,0.8251933701657459,0.2972375690607735,2.8,7.4,0.37837837837837834,5.4,0.33745874587458746
2015,GEN-PATH,General Pathology,Gen Path,0,1,0.14285714285714285,1,1,0.7894736842105263,0.21052631578947367,1,16,0.0625,9.5,0
2015,GEN-SURG,General Surgery,Gen Surg,0.043478260869565216,0.5217391304347826,1.0222222222222221,0.9425287356321839,0.5977011494252874,0.9346049046321526,0.28065395095367845,3.8,6.7,0.5671641791044776,4.9,0.6666666666666666
2015,HEMPATH,Hematological Pathology,Heme Path,NaN,NaN,0,NA,NA,NA,NA,NA,NA,NA,NA,NA
2015,INTERNAL MEDICINE,Internal Medicine,Internal,0.02056555269922879,0.5886889460154242,0.8549450549450549,0.44651162790697674,0.2744186046511628,0.5217885562713149,0.1394467601364153,2.3,6.6,0.34848484848484845,4.9,0.14418604651162792
2015,LAB-MED,Laboratory Medicine,Lab Med,0,1,1,0,0,0,0,NA,11.3,NA,9,0
2015,MED-BIO,Medical Biochemistry,Med Biochem,NaN,NaN,NaN,NA,NA,NA,NA,NA,NA,NA,NA,NA
2015,MED-GENETICS,Medical Genetics & Genomics,Med Gen,0,0.8,0.625,0.8333333333333334,0.5,0.1807909604519774,0.07344632768361582,2.8,11,0.2545454545454545,6.5,0.3333333333333333
2015,MED-MICRO,Medical Microbiology,Microbio,0,1,0.25,0.6666666666666666,0,0.7,0.2,1.5,7,0.21428571428571427,3.7,0
2015,NEUROL,Neurology,Neuro,0.10638297872340426,0.723404255319149,1.119047619047619,0.975,0.775,0.9187817258883249,0.3147208121827411,3.7,6.2,0.5967741935483871,4.4,0.65
2015,NEUROL-PED,Neurology - Pediatric,Peds Neuro,0,1,0.8571428571428571,1,0.6,0.8571428571428571,0.30612244897959184,2.6,8.4,0.30952380952380953,5.8,0.4
2015,NEUROPATH,Neuropathology,Neuro Path,0,1,0.25,1,1,0.056,0.032,3,5.5,0.5454545454545454,3,0.5
2015,NEUROSURG,Neurosurgery,Neuro Surg,0.0625,0.25,1,1,0.6428571428571429,1,0.296875,5.8,3.6,1.611111111111111,2.4,0.8571428571428571
2015,NUC-MED,Nuclear Medicine,Nuclear,0,1,0.5,0.3333333333333333,0.3333333333333333,0.631578947368421,0.3684210526315789,2,10,0.2,3,0
2015,OBS/GYNE,Obstetrics & Gynecology,OBGYN,0.061946902654867256,0.7964601769911505,1.313953488372093,0.9176470588235294,0.5294117647058824,0.8341772151898734,0.22784810126582278,3.7,7.6,0.48684210526315796,5.2,0.5764705882352941
2015,OPHTHAL,Ophthalmology,Ophthal,0.18867924528301888,0.6981132075471698,1.358974358974359,0.9743589743589743,0.8205128205128205,0.9670781893004116,0.5390946502057613,5.5,4.6,1.1956521739130437,3.1,0.8461538461538461
2015,ORTHOPEDICS,Orthopedic Surgery,Ortho,0.0392156862745098,0.45098039215686275,0.9272727272727272,1,0.7916666666666666,0.8665254237288136,0.3220338983050847,6.4,7.2,0.888888888888889,4.4,0.875
2015,OTOLARYN,Otolaryngology,ENT,0.1702127659574468,0.723404255319149,1.5666666666666667,1,0.8620689655172413,0.9024390243902439,0.556910569105691,5.7,5.1,1.1176470588235294,3.8,0.8620689655172413
2015,PEDS,Pediatrics,Peds,0.05732484076433121,0.7770700636942676,1.1376811594202898,0.8125,0.4296875,0.7398244213886672,0.23623304070231443,3.3,6.3,0.5238095238095238,4.8,0.4765625
2015,PM&R,Physical Medicine & Rehabilitation,Physiatry,0,0.7878787878787878,1.2222222222222223,1,0.88,1,0.4142857142857143,3.6,5.2,0.6923076923076923,3.5,0.68
2015,PLASTIC-SURG,Plastic Surgery,Plastics,0.17777777777777778,0.7555555555555555,1.8,0.96,0.84,0.9786096256684492,0.6737967914438503,7.8,7.8,1,5.4,0.92
2015,PSYCH,Psychiatry,Psych,0.05847953216374269,0.6608187134502924,0.9606741573033708,0.8235294117647058,0.6078431372549019,0.7998046875,0.3203125,3,6.8,0.4411764705882353,4.7,0.40522875816993464
2015,PHPM,Public Health & Preventive Medicine,Pub Health,0.043478260869565216,0.8695652173913043,0.9583333333333334,1,0.6428571428571429,0.9032258064516129,0.34408602150537637,2.271428571,7.5,0.3028571428,5.757142857,0.5
2015,RAD-ONC,Radiation Oncology,Rad Onc,0,0.8333333333333334,0.8571428571428571,0.9,0.55,0.936,0.32,3.4,7.6,0.4473684210526316,5.3,0.5
2015,UROLOGY,Urology,Urology,0,0.71875,0.9696969696969697,0.9666666666666667,0.8333333333333334,0.8839285714285714,0.5535714285714286,5,4.7,1.0638297872340425,3.6,0.7
2015,VASCSURG,Vascular Surgery,Vasc Surg,0.07692307692307693,1,1.3,0.9,0.5,0.8732394366197183,0.30985915492957744,3.4,7,0.4857142857142857,4,0.6
2014,ANPATH,Anatomical Pathology,Anat Path,0,0.9090909090909091,0.5789473684210527,0.9090909090909091,0.7272727272727273,0.7484276729559748,0.27044025157232704,2.4,5.8,0.41379310344827586,4.5,0.2727272727272727
2014,ANESTH,Anesthesiology,Anesth,0.10218978102189781,0.7664233576642335,1.2924528301886793,0.9607843137254902,0.696078431372549,0.9304556354916067,0.32973621103117506,3.9,5.8,0.6724137931034483,4.6,0.7254901960784313
2014,CARD-SURG,Cardiac Surgery,Cardiac Surg,0.2,0.6,1.1111111111111112,1,1,0.3805970149253731,0.1865671641791045,3.7,6.4,0.578125,4.6,0.8571428571428571
2014,DERM,Dermatology,Derm,0.07936507936507936,0.9682539682539683,2.032258064516129,1,0.8709677419354839,0.9575757575757575,0.6727272727272727,4,7,0.5714285714285714,5.5,0.6129032258064516
2014,DIAG-RADIOLOGY,Diagnostic Radiology,Rads,0.03333333333333333,0.7555555555555555,1.0714285714285714,0.96,0.76,0.7472868217054264,0.30077519379844964,3.9,5.6,0.6964285714285715,4.3,0.6266666666666667
2014,EMERG-MED,Emergency Medicine,Emerg,0.04950495049504951,0.8712871287128713,1.4225352112676057,0.927536231884058,0.6811594202898551,0.8890845070422535,0.397887323943662,3.7,6.1,0.6065573770491804,4.6,0.6666666666666666
2014,FAM MED,Family Medicine,Family,0.035878564857405704,0.28334866605335784,0.831039755351682,0.7436548223350253,0.43824027072758037,0.8117948362981934,0.3297570429847027,2.5,7,0.35714285714285715,5.3,0.2952622673434856
2014,GEN-PATH,General Pathology,Gen Path,0,1,0.5,1,0.75,0.9333333333333333,0.2,1.5,6.5,0.23076923076923078,5.5,0
2014,GEN-SURG,General Surgery,Gen Surg,0.056818181818181816,0.5113636363636364,0.946236559139785,0.9534883720930233,0.6744186046511628,0.8549511854951185,0.3319386331938633,4.1,5.9,0.6949152542372881,4.3,0.6744186046511628
2014,HEMPATH,Hematological Pathology,Heme Path,0,1,0.6,1,1,1,0.4,1.7,7,0.24285714285714285,6.3,0
2014,INTERNAL MEDICINE,Internal Medicine,Internal,0.024691358024691357,0.5530864197530864,0.9060402684563759,0.4988179669030733,0.29550827423167847,0.5610409491006506,0.1626482969766552,2.3,6.8,0.338235294117647,5.1,0.16548463356973994
2014,LAB-MED,Laboratory Medicine,Lab Med,0,1,1,0,0,0,0,NA,7,NA,4.5,0
2014,MED-BIO,Medical Biochemistry,Med Biochem,NaN,NaN,0,NA,NA,NA,NA,NA,NA,NA,NA,NA
2014,MED-GENETICS,Medical Genetics & Genomics,Med Gen,0,0.8,0.625,1,0.8,0.12359550561797752,0.05056179775280899,2.8,5,0.5599999999999999,3.6,0
2014,MED-MICRO,Medical Microbiology,Microbio,0,1,0.6666666666666666,0.42857142857142855,0.2857142857142857,0.23333333333333334,0.1,1,3.5,0.2857142857142857,3.3,0
2014,NEUROL,Neurology,Neuro,0,0.8378378378378378,0.8604651162790697,0.972972972972973,0.6486486486486487,0.9051987767584098,0.2996941896024465,3.1,6.8,0.4558823529411765,5.2,0.5675675675675675
2014,NEUROL-PED,Neurology - Pediatric,Peds Neuro,0,1,0.7142857142857143,0.5,0.3333333333333333,0.7037037037037037,0.2037037037037037,1.3,13.5,0.0962962962962963,9.8,0
2014,NEUROPATH,Neuropathology,Neuro Path,NaN,NaN,0,NA,NA,NA,NA,NA,NA,NA,NA,NA
2014,NEUROSURG,Neurosurgery,Neuro Surg,0.2,0.5333333333333333,0.8333333333333334,0.9285714285714286,0.8571428571428571,0.984251968503937,0.3700787401574803,5,4.9,1.0204081632653061,3.6,0.7142857142857143
2014,NUC-MED,Nuclear Medicine,Nuclear,0,1,0.5,0.8571428571428571,0.42857142857142855,0.8387096774193549,0.45161290322580644,1.3,5.4,0.24074074074074073,2.9,0
2014,OBS/GYNE,Obstetrics & Gynecology,OBGYN,0.08620689655172414,0.6637931034482759,1.2608695652173914,0.9347826086956522,0.532608695652174,0.8714810281517748,0.26193390452876375,3.6,6.8,0.5294117647058824,4.9,0.5869565217391305
2014,OPHTHAL,Ophthalmology,Ophthal,0.17857142857142858,0.6607142857142857,1.4,1,0.8205128205128205,0.7423312883435583,0.3895705521472393,5.2,5.3,0.9811320754716982,3.8,0.717948717948718
2014,ORTHOPEDICS,Orthopedic Surgery,Ortho,0.08620689655172414,0.5,0.9354838709677419,0.9629629629629629,0.9074074074074074,0.523704520396913,0.1918412348401323,5.1,4.1,1.2439024390243902,3.1,0.7407407407407407
2014,OTOLARYN,Otolaryngology,ENT,0.11428571428571428,0.6857142857142857,1.1666666666666667,1,0.6071428571428571,0.6602209944751382,0.2541436464088398,4.9,4.7,1.0425531914893618,2.9,0.7142857142857143
2014,PEDS,Pediatrics,Peds,0.03468208092485549,0.7861271676300579,1.2627737226277371,0.8432835820895522,0.44776119402985076,0.7216,0.2232,3.6,7.4,0.48648648648648646,5.1,0.47761194029850745
2014,PM&R,Physical Medicine & Rehabilitation,Physiatry,0.037037037037037035,0.7777777777777778,1.08,0.9565217391304348,0.8260869565217391,0.9891891891891892,0.34594594594594597,3,5.2,0.5769230769230769,4,0.5652173913043478
2014,PLASTIC-SURG,Plastic Surgery,Plastics,0.3090909090909091,0.7090909090909091,2.1153846153846154,1,0.875,0.9836065573770492,0.6775956284153005,6.1,5.3,1.150943396226415,3.6,0.8333333333333334
2014,PSYCH,Psychiatry,Psych,0.06832298136645963,0.6832298136645962,0.9415204678362573,0.852112676056338,0.5915492957746479,0.8096330275229358,0.3119266055045872,2.6,5.9,0.4406779661016949,4.3,0.34507042253521125
2014,PHPM,Public Health & Preventive Medicine,Pub Health,0,0.9090909090909091,0.4583333333333333,1,0.4444444444444444,0.8987341772151899,0.2911392405063291,2.2,6.533333333,0.3367346938947314,4.977777778,0.3333333333333333
2014,RAD-ONC,Radiation Oncology,Rad Onc,0,0.6470588235294118,0.8095238095238095,1,0.7222222222222222,0.9402985074626866,0.30597014925373134,3.7,6.4,0.578125,4.9,0.7222222222222222
2014,UROLOGY,Urology,Urology,0.09302325581395349,0.6046511627906976,1.3870967741935485,1,0.9032258064516129,0.9214876033057852,0.5743801652892562,5.7,4.3,1.3255813953488373,3.5,0.8064516129032258
2014,VASCSURG,Vascular Surgery,Vasc Surg,0,1,1,1,0.8888888888888888,0.8656716417910447,0.3582089552238806,4.2,6.2,0.6774193548387097,4.3,0.7777777777777778
2013,ANPATH,Anatomical Pathology,Anat Path,0,0.8823529411764706,0.4857142857142857,0.9411764705882353,0.47058823529411764,0.8333333333333334,0.225,2.3,5,0.45999999999999996,4.4,0.17647058823529413
2013,ANESTH,Anesthesiology,Anesth,0.06521739130434782,0.7246376811594203,1.2660550458715596,0.9716981132075472,0.6792452830188679,0.9085580304806565,0.2966002344665885,3.8,6.6,0.5757575757575758,5,0.6037735849056604
2013,CARD-SURG,Cardiac Surgery,Cardiac Surg,0.14285714285714285,0.5714285714285714,0.6363636363636364,0.8333333333333334,0.5,0.39655172413793105,0.13793103448275862,5.8,7.5,0.7733333333333333,4.5,0.5
2013,DERM,Dermatology,Derm,0.02127659574468085,0.9574468085106383,1.46875,0.9375,0.875,0.9666666666666667,0.64,4.5,4.6,0.9782608695652175,3.5,0.6875
2013,DIAG-RADIOLOGY,Diagnostic Radiology,Rads,0.042105263157894736,0.7052631578947368,1.1176470588235294,0.9759036144578314,0.7831325301204819,0.7765793528505393,0.3266563944530046,4.3,5.2,0.8269230769230769,4.3,0.7469879518072289
2013,EMERG-MED,Emergency Medicine,Emerg,0.04081632653061224,0.8877551020408163,1.4411764705882353,0.9411764705882353,0.6470588235294118,0.9302325581395349,0.3856589147286822,3.9,6.3,0.6190476190476191,4.9,0.7794117647058824
2013,FAM MED,Family Medicine,Family,0.02349336057201226,0.3003064351378958,0.785084202085004,0.7474931631722881,0.44758432087511396,0.8181092302778665,0.31052379431491534,2.5,6.7,0.3731343283582089,5.2,0.2862351868732908
2013,GEN-PATH,General Pathology,Gen Path,0,1,0.2,0.5,0,0.2857142857142857,0,2,5.5,0.36363636363636365,5,0
2013,GEN-SURG,General Surgery,Gen Surg,0.1640625,0.5234375,1.3473684210526315,0.9578947368421052,0.6842105263157895,0.885,0.33,3.9,5.5,0.7090909090909091,4.1,0.6631578947368421
2013,HEMPATH,Hematological Pathology,Heme Path,0,1,0.25,1,1,0.875,0.5,4,4,1,4,1
2013,INTERNAL MEDICINE,Internal Medicine,Internal,0.00821917808219178,0.5753424657534246,0.8449074074074074,0.5578947368421052,0.3736842105263158,0.6145745577085089,0.18997472620050548,2.3,6.5,0.3538461538461538,5.1,0.1763157894736842
2013,LAB-MED,Laboratory Medicine,Lab Med,0,1,0.6666666666666666,0,0,0,0,NA,7.7,NA,5,0
2013,MED-BIO,Medical Biochemistry,Med Biochem,NaN,NaN,0,NA,NA,NA,NA,NA,NA,NA,NA,NA
2013,MED-GENETICS,Medical Genetics & Genomics,Med Gen,0,0.8,0.625,1,0.6,0.13068181818181818,0.05113636363636364,2.2,8,0.275,5.8,0.2
2013,MED-MICRO,Medical Microbiology,Microbio,0,1,0.6666666666666666,0.6666666666666666,0.3333333333333333,0.6,0.225,1,5.3,0.18867924528301888,4,0
2013,NEUROL,Neurology,Neuro,0,0.71875,0.7619047619047619,1,0.7741935483870968,0.9489795918367347,0.3299319727891156,2.8,6.2,0.4516129032258064,4.9,0.4838709677419355
2013,NEUROL-PED,Neurology - Pediatric,Peds Neuro,0.14285714285714285,1,0.7777777777777778,0.8,0,0.6428571428571429,0.11904761904761904,1.8,6.8,0.2647058823529412,4.4,0.2
2013,NEUROPATH,Neuropathology,Neuro Path,0,1,0.3333333333333333,0,0,0,0,NA,4,NA,4,0
2013,NEUROSURG,Neurosurgery,Neuro Surg,0.13636363636363635,0.36363636363636365,1.2941176470588236,1,0.7058823529411765,1,0.4206896551724138,5.4,5.1,1.058823529411765,4.3,0.8823529411764706
2013,NUC-MED,Nuclear Medicine,Nuclear,0,1,0.6,0.8333333333333334,0.3333333333333333,0.7586206896551724,0.2413793103448276,2.6,5.5,0.4727272727272727,3.5,0.3333333333333333
2013,OBS/GYNE,Obstetrics & Gynecology,OBGYN,0.075,0.6666666666666666,1.263157894736842,0.9354838709677419,0.5806451612903226,0.8728923476005188,0.2490272373540856,3.2,6.3,0.507936507936508,4.9,0.5376344086021505
2013,OPHTHAL,Ophthalmology,Ophthal,0.08333333333333333,0.7083333333333334,1.3333333333333333,1,0.7222222222222222,0.7638376383763837,0.3874538745387454,5,4.6,1.0869565217391306,3.3,0.8055555555555556
2013,ORTHOPEDICS,Orthopedic Surgery,Ortho,0.13513513513513514,0.5675675675675675,1.0571428571428572,1,0.8125,0.548460661345496,0.20980615735461802,5.2,4.4,1.1818181818181817,3.4,0.796875
2013,OTOLARYN,Otolaryngology,ENT,0.12195121951219512,0.5853658536585366,1.3666666666666667,0.9655172413793104,0.7586206896551724,0.7083333333333334,0.4166666666666667,6,4.9,1.2244897959183672,3.5,0.8620689655172413
2013,PEDS,Pediatrics,Peds,0.06707317073170732,0.7378048780487805,1.1714285714285715,0.9111111111111111,0.5851851851851851,0.7856540084388186,0.2514767932489452,3.7,5.7,0.6491228070175439,4.5,0.6074074074074074
2013,PM&R,Physical Medicine & Rehabilitation,Physiatry,0,0.8333333333333334,0.72,0.9473684210526315,0.7368421052631579,0.9101796407185628,0.3652694610778443,3.4,6.2,0.5483870967741935,4.4,0.7368421052631579
2013,PLASTIC-SURG,Plastic Surgery,Plastics,0.25,0.75,1.8461538461538463,1,0.9166666666666666,0.9886363636363636,0.7159090909090909,6.6,4.3,1.5348837209302326,3.4,0.875
2013,PSYCH,Psychiatry,Psych,0.015873015873015872,0.626984126984127,0.7544910179640718,0.8780487804878049,0.6097560975609756,0.8278221208665907,0.27366020524515394,2.5,5.6,0.44642857142857145,4.5,0.34959349593495936
2013,PHPM,Public Health & Preventive Medicine,Pub Health,0.125,0.6875,0.6956521739130435,0.6153846153846154,0.6153846153846154,0.6739130434782609,0.25,2.184615385,6.715384615,0.32531500580328265,4.476923077,0.23076923076923078
2013,RAD-ONC,Radiation Oncology,Rad Onc,0,0.75,0.8,1,0.6,0.9920634920634921,0.31746031746031744,2.9,5.1,0.5686274509803921,4.1,0.6
2013,UROLOGY,Urology,Urology,0.08695652173913043,0.6739130434782609,1.393939393939394,0.9375,0.8125,0.8533834586466166,0.5300751879699248,5.3,3.9,1.358974358974359,3.2,0.84375
2013,VASCSURG,Vascular Surgery,Vasc Surg,0.06666666666666667,0.8666666666666667,1.5,0.9,0.6,0.9,0.3888888888888889,3.7,6.7,0.5522388059701493,4.2,0.6
2012,ANPATH,Anatomical Pathology,Anat Path,0.06666666666666667,1,0.42857142857142855,NA,NA,NA,NA,NA,NA,NA,NA,NA
2012,ANESTH,Anesthesiology,Anesth,0.08461538461538462,0.7230769230769231,1.2745098039215685,NA,NA,NA,NA,NA,NA,NA,NA,NA
2012,CARD-SURG,Cardiac Surgery,Cardiac Surg,0,0.75,0.5,NA,NA,NA,NA,NA,NA,NA,NA,NA
2012,DERM,Dermatology,Derm,0.08333333333333333,0.8958333333333334,1.5483870967741935,NA,NA,NA,NA,NA,NA,NA,NA,NA
2012,DIAG-RADIOLOGY,Diagnostic Radiology,Rads,0.12280701754385964,0.7982456140350878,1.3411764705882352,NA,NA,NA,NA,NA,NA,NA,NA,NA
2012,EMERG-MED,Emergency Medicine,Emerg,0.03409090909090909,0.9090909090909091,1.353846153846154,NA,NA,NA,NA,NA,NA,NA,NA,NA
2012,FAM MED,Family Medicine,Family,0.027085590465872156,0.28060671722643554,0.7547015535568274,NA,NA,NA,NA,NA,NA,NA,NA,NA
2012,GEN-PATH,General Pathology,Gen Path,0,1,0.2,NA,NA,NA,NA,NA,NA,NA,NA,NA
2012,GEN-SURG,General Surgery,Gen Surg,0.125,0.4732142857142857,1.108910891089109,NA,NA,NA,NA,NA,NA,NA,NA,NA
2012,HEMPATH,Hematological Pathology,Heme Path,0,1,0.5,NA,NA,NA,NA,NA,NA,NA,NA,NA
2012,INTERNAL MEDICINE,Internal Medicine,Internal,0.05793450881612091,0.5591939546599496,0.9232558139534883,NA,NA,NA,NA,NA,NA,NA,NA,NA
2012,LAB-MED,Laboratory Medicine,Lab Med,0,1,0.9230769230769231,NA,NA,NA,NA,NA,NA,NA,NA,NA
2012,MED-BIO,Medical Biochemistry,Med Biochem,0,1,0.2,NA,NA,NA,NA,NA,NA,NA,NA,NA
2012,MED-GENETICS,Medical Genetics & Genomics,Med Gen,0,1,0.16666666666666666,NA,NA,NA,NA,NA,NA,NA,NA,NA
2012,MED-MICRO,Medical Microbiology,Microbio,0,1,0.5384615384615384,NA,NA,NA,NA,NA,NA,NA,NA,NA
2012,NEUROL,Neurology,Neuro,0.025,0.85,1,NA,NA,NA,NA,NA,NA,NA,NA,NA
2012,NEUROL-PED,Neurology - Pediatric,Peds Neuro,0,1,0.9,NA,NA,NA,NA,NA,NA,NA,NA,NA
2012,NEUROPATH,Neuropathology,Neuro Path,NaN,NaN,0,NA,NA,NA,NA,NA,NA,NA,NA,NA
2012,NEUROSURG,Neurosurgery,Neuro Surg,0.08695652173913043,0.5652173913043478,1.2105263157894737,NA,NA,NA,NA,NA,NA,NA,NA,NA
2012,NUC-MED,Nuclear Medicine,Nuclear,0.16666666666666666,1,0.6,NA,NA,NA,NA,NA,NA,NA,NA,NA
2012,OBS/GYNE,Obstetrics & Gynecology,OBGYN,0.02857142857142857,0.6952380952380952,1.1170212765957446,NA,NA,NA,NA,NA,NA,NA,NA,NA
2012,OPHTHAL,Ophthalmology,Ophthal,0.1935483870967742,0.7096774193548387,1.5897435897435896,NA,NA,NA,NA,NA,NA,NA,NA,NA
2012,ORTHOPEDICS,Orthopedic Surgery,Ortho,0.060240963855421686,0.5180722891566265,1.077922077922078,NA,NA,NA,NA,NA,NA,NA,NA,NA
2012,OTOLARYN,Otolaryngology,ENT,0.0975609756097561,0.7317073170731707,1.3225806451612903,NA,NA,NA,NA,NA,NA,NA,NA,NA
2012,PEDS,Pediatrics,Peds,0.09770114942528736,0.7068965517241379,1.2,NA,NA,NA,NA,NA,NA,NA,NA,NA
2012,PM&R,Physical Medicine & Rehabilitation,Physiatry,0,0.8095238095238095,0.9130434782608695,NA,NA,NA,NA,NA,NA,NA,NA,NA
2012,PLASTIC-SURG,Plastic Surgery,Plastics,0.28888888888888886,0.6,1.7307692307692308,NA,NA,NA,NA,NA,NA,NA,NA,NA
2012,PSYCH,Psychiatry,Psych,0.037037037037037035,0.6296296296296297,0.84375,NA,NA,NA,NA,NA,NA,NA,NA,NA
2012,PHPM,Public Health & Preventive Medicine,Pub Health,0,0.9166666666666666,0.5,NA,NA,NA,NA,NA,NA,NA,NA,NA
2012,RAD-ONC,Radiation Oncology,Rad Onc,0,0.75,0.5714285714285714,NA,NA,NA,NA,NA,NA,NA,NA,NA
2012,UROLOGY,Urology,Urology,0.02857142857142857,0.6285714285714286,1.0606060606060606,NA,NA,NA,NA,NA,NA,NA,NA,NA
2012,VASCSURG,Vascular Surgery,Vasc Surg,0.13333333333333333,1,1.875,NA,NA,NA,NA,NA,NA,NA,NA,NA
2011,ANPATH,Anatomical Pathology,Anat Path,0.09090909090909091,1,0.3333333333333333,NA,NA,NA,NA,NA,NA,NA,NA,NA
2011,ANESTH,Anesthesiology,Anesth,0.09022556390977443,0.6691729323308271,1.2201834862385321,NA,NA,NA,NA,NA,NA,NA,NA,NA
2011,CARD-SURG,Cardiac Surgery,Cardiac Surg,0,0.2857142857142857,0.5833333333333334,NA,NA,NA,NA,NA,NA,NA,NA,NA
2011,DERM,Dermatology,Derm,0.13513513513513514,1,1.608695652173913,NA,NA,NA,NA,NA,NA,NA,NA,NA
2011,DIAG-RADIOLOGY,Diagnostic Radiology,Rads,0.05154639175257732,0.7731958762886598,1.0898876404494382,NA,NA,NA,NA,NA,NA,NA,NA,NA
2011,EMERG-MED,Emergency Medicine,Emerg,0.07317073170731707,0.8048780487804879,1.3666666666666667,NA,NA,NA,NA,NA,NA,NA,NA,NA
2011,FAM MED,Family Medicine,Family,0.013969732246798603,0.25378346915017463,0.7469565217391304,NA,NA,NA,NA,NA,NA,NA,NA,NA
2011,GEN-PATH,General Pathology,Gen Path,0,1,0.3333333333333333,NA,NA,NA,NA,NA,NA,NA,NA,NA
2011,GEN-SURG,General Surgery,Gen Surg,0.10743801652892562,0.47107438016528924,1.1415094339622642,NA,NA,NA,NA,NA,NA,NA,NA,NA
2011,HEMPATH,Hematological Pathology,Heme Path,0,1,0.3333333333333333,NA,NA,NA,NA,NA,NA,NA,NA,NA
2011,INTERNAL MEDICINE,Internal Medicine,Internal,0.04065040650406504,0.4634146341463415,0.8956310679611651,NA,NA,NA,NA,NA,NA,NA,NA,NA
2011,LAB-MED,Laboratory Medicine,Lab Med,0,0.875,0.6666666666666666,NA,NA,NA,NA,NA,NA,NA,NA,NA
2011,MED-BIO,Medical Biochemistry,Med Biochem,0,0,0.16666666666666666,NA,NA,NA,NA,NA,NA,NA,NA,NA
2011,MED-GENETICS,Medical Genetics & Genomics,Med Gen,0,1,0.625,NA,NA,NA,NA,NA,NA,NA,NA,NA
2011,MED-MICRO,Medical Microbiology,Microbio,0,1,1.2,NA,NA,NA,NA,NA,NA,NA,NA,NA
2011,NEUROL,Neurology,Neuro,0.05714285714285714,0.7142857142857143,0.8333333333333334,NA,NA,NA,NA,NA,NA,NA,NA,NA
2011,NEUROL-PED,Neurology - Pediatric,Peds Neuro,0,1,0.6666666666666666,NA,NA,NA,NA,NA,NA,NA,NA,NA
2011,NEUROPATH,Neuropathology,Neuro Path,NaN,NaN,0,NA,NA,NA,NA,NA,NA,NA,NA,NA
2011,NEUROSURG,Neurosurgery,Neuro Surg,0.1,0.65,1.0526315789473684,NA,NA,NA,NA,NA,NA,NA,NA,NA
2011,NUC-MED,Nuclear Medicine,Nuclear,0,0.5,0.2222222222222222,NA,NA,NA,NA,NA,NA,NA,NA,NA
2011,OBS/GYNE,Obstetrics & Gynecology,OBGYN,0.05825242718446602,0.6893203883495146,1.03,NA,NA,NA,NA,NA,NA,NA,NA,NA
2011,OPHTHAL,Ophthalmology,Ophthal,0.24193548387096775,0.6935483870967742,1.7222222222222223,NA,NA,NA,NA,NA,NA,NA,NA,NA
2011,ORTHOPEDICS,Orthopedic Surgery,Ortho,0.08139534883720931,0.47674418604651164,1.048780487804878,NA,NA,NA,NA,NA,NA,NA,NA,NA
2011,OTOLARYN,Otolaryngology,ENT,0.20930232558139536,0.627906976744186,1.4827586206896552,NA,NA,NA,NA,NA,NA,NA,NA,NA
2011,PEDS,Pediatrics,Peds,0.06285714285714286,0.6971428571428572,1.2237762237762237,NA,NA,NA,NA,NA,NA,NA,NA,NA
2011,PM&R,Physical Medicine & Rehabilitation,Physiatry,0.0625,0.75,0.7272727272727273,NA,NA,NA,NA,NA,NA,NA,NA,NA
2011,PLASTIC-SURG,Plastic Surgery,Plastics,0.1956521739130435,0.717391304347826,1.6428571428571428,NA,NA,NA,NA,NA,NA,NA,NA,NA
2011,PSYCH,Psychiatry,Psych,0.00909090909090909,0.6454545454545455,0.7534246575342466,NA,NA,NA,NA,NA,NA,NA,NA,NA
2011,RAD-ONC,Radiation Oncology,Rad Onc,0,0.8260869565217391,1.15,NA,NA,NA,NA,NA,NA,NA,NA,NA
2011,UROLOGY,Urology,Urology,0.16666666666666666,0.5952380952380952,1.3125,NA,NA,NA,NA,NA,NA,NA,NA,NA
2010,ANPATH,Anatomical Pathology,Anat Path,0,0.8947368421052632,0.59375,NA,NA,NA,NA,NA,NA,NA,NA,NA
2010,ANESTH,Anesthesiology,Anesth,0.027522935779816515,0.6605504587155964,1.0092592592592593,NA,NA,NA,NA,NA,NA,NA,NA,NA
2010,CARD-SURG,Cardiac Surgery,Cardiac Surg,0.1,0.9,0.9090909090909091,NA,NA,NA,NA,NA,NA,NA,NA,NA
2010,DERM,Dermatology,Derm,0.024390243902439025,1,1.7826086956521738,NA,NA,NA,NA,NA,NA,NA,NA,NA
2010,DIAG-RADIOLOGY,Diagnostic Radiology,Rads,0.10091743119266056,0.6422018348623854,1.2976190476190477,NA,NA,NA,NA,NA,NA,NA,NA,NA
2010,EMERG-MED,Emergency Medicine,Emerg,0,0.8933333333333333,1.293103448275862,NA,NA,NA,NA,NA,NA,NA,NA,NA
2010,FAM MED,Family Medicine,Family,0.004975124378109453,0.26741293532338306,0.7230215827338129,NA,NA,NA,NA,NA,NA,NA,NA,NA
2010,GEN-PATH,General Pathology,Gen Path,NaN,NaN,0,NA,NA,NA,NA,NA,NA,NA,NA,NA
2010,GEN-SURG,General Surgery,Gen Surg,0.104,0.472,1.146788990825688,NA,NA,NA,NA,NA,NA,NA,NA,NA
2010,HEMPATH,Hematological Pathology,Heme Path,0,1,0.5,NA,NA,NA,NA,NA,NA,NA,NA,NA
2010,INTERNAL MEDICINE,Internal Medicine,Internal,0.0030581039755351682,0.5259938837920489,0.821608040201005,NA,NA,NA,NA,NA,NA,NA,NA,NA
2010,LAB-MED,Laboratory Medicine,Lab Med,0.1,1,0.7692307692307693,NA,NA,NA,NA,NA,NA,NA,NA,NA
2010,MED-BIO,Medical Biochemistry,Med Biochem,0,0.5,0.4,NA,NA,NA,NA,NA,NA,NA,NA,NA
2010,MED-GENETICS,Medical Genetics & Genomics,Med Gen,0,0.3333333333333333,0.42857142857142855,NA,NA,NA,NA,NA,NA,NA,NA,NA
2010,MED-MICRO,Medical Microbiology,Microbio,0,1,1.1111111111111112,NA,NA,NA,NA,NA,NA,NA,NA,NA
2010,NEUROL,Neurology,Neuro,0.07317073170731707,0.8048780487804879,0.9318181818181818,NA,NA,NA,NA,NA,NA,NA,NA,NA
2010,NEUROL-PED,Neurology - Pediatric,Peds Neuro,0,1,0.7,NA,NA,NA,NA,NA,NA,NA,NA,NA
2010,NEUROPATH,Neuropathology,Neuro Path,0,0.5,0.4,NA,NA,NA,NA,NA,NA,NA,NA,NA
2010,NEUROSURG,Neurosurgery,Neuro Surg,0,0.5555555555555556,0.8571428571428571,NA,NA,NA,NA,NA,NA,NA,NA,NA
2010,NUC-MED,Nuclear Medicine,Nuclear,0.16666666666666666,1,1,NA,NA,NA,NA,NA,NA,NA,NA,NA
2010,OBS/GYNE,Obstetrics & Gynecology,OBGYN,0.09016393442622951,0.6885245901639344,1.2323232323232323,NA,NA,NA,NA,NA,NA,NA,NA,NA
2010,OPHTHAL,Ophthalmology,Ophthal,0.07407407407407407,0.6666666666666666,1.542857142857143,NA,NA,NA,NA,NA,NA,NA,NA,NA
2010,ORTHOPEDICS,Orthopedic Surgery,Ortho,0.075,0.475,1,NA,NA,NA,NA,NA,NA,NA,NA,NA
2010,OTOLARYN,Otolaryngology,ENT,0.027777777777777776,0.5833333333333334,1.125,NA,NA,NA,NA,NA,NA,NA,NA,NA
2010,PEDS,Pediatrics,Peds,0.04285714285714286,0.6714285714285714,1.0294117647058822,NA,NA,NA,NA,NA,NA,NA,NA,NA
2010,PM&R,Physical Medicine & Rehabilitation,Physiatry,0,0.8823529411764706,0.7083333333333334,NA,NA,NA,NA,NA,NA,NA,NA,NA
2010,PLASTIC-SURG,Plastic Surgery,Plastics,0.20754716981132076,0.7547169811320755,1.8928571428571428,NA,NA,NA,NA,NA,NA,NA,NA,NA
2010,PSYCH,Psychiatry,Psych,0.030534351145038167,0.5572519083969466,0.8791946308724832,NA,NA,NA,NA,NA,NA,NA,NA,NA
2010,RAD-ONC,Radiation Oncology,Rad Onc,0,0.95,0.8,NA,NA,NA,NA,NA,NA,NA,NA,NA
2010,UROLOGY,Urology,Urology,0.12,0.74,1.6129032258064515,NA,NA,NA,NA,NA,NA,NA,NA,NA
2009,ANPATH,Anatomical Pathology,Anat Path,0.13636363636363635,0.9545454545454546,0.88,NA,NA,NA,NA,NA,NA,NA,NA,NA
2009,ANESTH,Anesthesiology,Anesth,0.08148148148148149,0.7407407407407407,1.2162162162162162,NA,NA,NA,NA,NA,NA,NA,NA,NA
2009,CARD-SURG,Cardiac Surgery,Cardiac Surg,0.16666666666666666,0.5,0.5454545454545454,NA,NA,NA,NA,NA,NA,NA,NA,NA
2009,DERM,Dermatology,Derm,0.05405405405405406,1,2.176470588235294,NA,NA,NA,NA,NA,NA,NA,NA,NA
2009,DIAG-RADIOLOGY,Diagnostic Radiology,Rads,0.06976744186046512,0.813953488372093,1.048780487804878,NA,NA,NA,NA,NA,NA,NA,NA,NA
2009,EMERG-MED,Emergency Medicine,Emerg,0.0547945205479452,0.7671232876712328,1.3035714285714286,NA,NA,NA,NA,NA,NA,NA,NA,NA
2009,FAM MED,Family Medicine,Family,0.018617021276595744,0.25930851063829785,0.7308066083576288,NA,NA,NA,NA,NA,NA,NA,NA,NA
2009,GEN-PATH,General Pathology,Gen Path,NaN,NaN,0,NA,NA,NA,NA,NA,NA,NA,NA,NA
2009,GEN-SURG,General Surgery,Gen Surg,0.054945054945054944,0.5604395604395604,0.8425925925925926,NA,NA,NA,NA,NA,NA,NA,NA,NA
2009,HEMPATH,Hematological Pathology,Heme Path,0,1,0.6666666666666666,NA,NA,NA,NA,NA,NA,NA,NA,NA
2009,INTERNAL MEDICINE,Internal Medicine,Internal,0.022151898734177215,0.5632911392405063,0.8020304568527918,NA,NA,NA,NA,NA,NA,NA,NA,NA
2009,LAB-MED,Laboratory Medicine,Lab Med,0,1,0.5789473684210527,NA,NA,NA,NA,NA,NA,NA,NA,NA
2009,MED-BIO,Medical Biochemistry,Med Biochem,0,1,0.2,NA,NA,NA,NA,NA,NA,NA,NA,NA
2009,MED-GENETICS,Medical Genetics & Genomics,Med Gen,0,0.75,0.5714285714285714,NA,NA,NA,NA,NA,NA,NA,NA,NA
2009,MED-MICRO,Medical Microbiology,Microbio,0.07142857142857142,1,1.5555555555555556,NA,NA,NA,NA,NA,NA,NA,NA,NA
2009,NEUROL,Neurology,Neuro,0.06451612903225806,0.8709677419354839,0.775,NA,NA,NA,NA,NA,NA,NA,NA,NA
2009,NEUROL-PED,Neurology - Pediatric,Peds Neuro,0,1,0.5,NA,NA,NA,NA,NA,NA,NA,NA,NA
2009,NEUROPATH,Neuropathology,Neuro Path,NaN,NaN,0,NA,NA,NA,NA,NA,NA,NA,NA,NA
2009,NEUROSURG,Neurosurgery,Neuro Surg,0.08695652173913043,0.4782608695652174,1.15,NA,NA,NA,NA,NA,NA,NA,NA,NA
2009,NUC-MED,Nuclear Medicine,Nuclear,0.15384615384615385,1,1.4444444444444444,NA,NA,NA,NA,NA,NA,NA,NA,NA
2009,OBS/GYNE,Obstetrics & Gynecology,OBGYN,0.06349206349206349,0.7301587301587301,1.3263157894736841,NA,NA,NA,NA,NA,NA,NA,NA,NA
2009,OPHTHAL,Ophthalmology,Ophthal,0.15254237288135594,0.8135593220338984,1.6857142857142857,NA,NA,NA,NA,NA,NA,NA,NA,NA
2009,ORTHOPEDICS,Orthopedic Surgery,Ortho,0.02631578947368421,0.5,0.95,NA,NA,NA,NA,NA,NA,NA,NA,NA
2009,OTOLARYN,Otolaryngology,ENT,0.0975609756097561,0.7560975609756098,1.4642857142857142,NA,NA,NA,NA,NA,NA,NA,NA,NA
2009,PEDS,Pediatrics,Peds,0.03759398496240601,0.706766917293233,1.0310077519379846,NA,NA,NA,NA,NA,NA,NA,NA,NA
2009,PM&R,Physical Medicine & Rehabilitation,Physiatry,0,0.9,0.8695652173913043,NA,NA,NA,NA,NA,NA,NA,NA,NA
2009,PLASTIC-SURG,Plastic Surgery,Plastics,0.26666666666666666,0.9555555555555556,1.7307692307692308,NA,NA,NA,NA,NA,NA,NA,NA,NA
2009,PSYCH,Psychiatry,Psych,0.01694915254237288,0.559322033898305,0.8309859154929577,NA,NA,NA,NA,NA,NA,NA,NA,NA
2009,RAD-ONC,Radiation Oncology,Rad Onc,0.04,0.8,0.9615384615384616,NA,NA,NA,NA,NA,NA,NA,NA,NA
2009,UROLOGY,Urology,Urology,0.0625,0.8125,1.032258064516129,NA,NA,NA,NA,NA,NA,NA,NA,NA
